{
  "version": "2.2.4",
  "initPopup": true,
  "exportMode": false,
  "generatedBy": "\u003cdefault\u003e",
  "activeConfigs": [
    "AdvGenerators",
    "appleskin.cfg",
    "aroma1997",
    "AsmodeusCore",
    "attributefix.cfg",
    "badwithernocookiereloaded.cfg",
    "baubles.cfg",
    "beebetteratbees.cfg",
    "betterfps.json",
    "bibliocraft.cfg",
    "biomesoplenty",
    "BlockDrops",
    "bonecraft.cfg",
    "bookshelf.cfg",
    "brewcraft.cfg",
    "cfm.cfg",
    "ChickenChunks.cfg",
    "chisel.cfg",
    "chiselsandbits.cfg",
    "chiselsandbits_clipboard.cfg",
    "chunkgenlimit.cfg",
    "clayspawn.cfg",
    "clienttweaks.cfg",
    "codechicken",
    "codechickenlib.cfg",
    "cofh",
    "compactitems",
    "compactmachines3",
    "computercraft.cfg",
    "cookingforblockheads.cfg",
    "CookingForBlockheadsCompat",
    "ctm.cfg",
    "culinaryconstruct.cfg",
    "deathcounter.cfg",
    "debark.cfg",
    "defaultoptions",
    "defaultoptions.cfg",
    "desertcraft.cfg",
    "ding.cfg",
    "ebwizardry",
    "elevatorid.cfg",
    "endercore",
    "enderio",
    "enderstorage.cfg",
    "endertanks.cfg",
    "enderutilities.cfg",
    "EquivalentBees.cfg",
    "ExtraBitManipulation",
    "extrautils2.cfg",
    "Extreme Reactors",
    "foamfix.cfg",
    "forestry",
    "forge.cfg",
    "forgeChunkLoading.cfg",
    "ftbbackups.cfg",
    "Galacticraft",
    "GalaxySpace",
    "harvestcraft.cfg",
    "harvestcraft_fruittree.cfg",
    "ice_and_fire.cfg",
    "ironchest.cfg",
    "jei",
    "jeibees.cfg",
    "jeiutilities",
    "jeresources",
    "journeymap_ModInfo.cfg",
    "journeymap_server.cfg",
    "jrftl.cfg",
    "librarianlib.cfg",
    "llamamilking.cfg",
    "magicbees.cfg",
    "matc.cfg",
    "maxpotidext.cfg",
    "mekanism",
    "mekanism.cfg",
    "microblocks.cfg",
    "moartinkers.cfg",
    "morebees",
    "moreplanets.cfg",
    "moreplanets_server.cfg",
    "MrTJPCore.cfg",
    "multipart.cfg",
    "mysticalagradditions.cfg",
    "mysticalagriculture.cfg",
    "mysticalagriculture_recipes.cfg",
    "Nevoka",
    "opencomputers",
    "pigskin.cfg",
    "powerchisels.cfg",
    "ProjectE",
    "ProjectRed.cfg",
    "ProjectRedRelocation.cfg",
    "psi.cfg",
    "psicaster.cfg",
    "psio.cfg",
    "quark.cfg",
    "quark_emotes",
    "redstonepaste.cfg",
    "refinedstorage.cfg",
    "refinedstorageaddons.cfg",
    "refinedstoragerequestify.cfg",
    "rpsideas.cfg",
    "rslargepatterns.cfg",
    "seasonal_bees.cfg",
    "sheepmilking.cfg",
    "shetiphiancore.cfg",
    "simplerecipes.cfg",
    "simplybackpacks.cfg",
    "simplyconveyors.cfg",
    "simplyjetpacks",
    "simplystrawberries.cfg",
    "splash.properties",
    "squidmilking.cfg",
    "stevekung\u0027s_lib.cfg",
    "storagedrawers.cfg",
    "tcomplement.cfg",
    "TComplementModules.cfg",
    "tconstruct.cfg",
    "teamreborn",
    "ThermalTinkering",
    "TinkerModules.cfg",
    "Tinkers Reforged - General.cfg",
    "Tinkers Reforged - Materials and Modules.cfg",
    "Tinkers Reforged - Tools.cfg",
    "tinkersoredictcache.cfg",
    "tinker_ore_dict_melting_cache.dat",
    "waila",
    "wawla.cfg",
    "xlfoodmod.cfg"
  ],
  "hashes": {},
  "mainProfile": "Default",
  "initially_created": "04.01.2023 22:54:32"
}